question_id,db_id,difficulty,sql_status,sparql_status,consensus,perceived_winner
1471,debit_card_specializing,simple,CORRECT,CORRECT,FULL_AGREEMENT,AGENT_B
1472,debit_card_specializing,moderate,CORRECT,CORRECT,PARTIAL_AGREEMENT,AGENT_B
1473,debit_card_specializing,moderate,CORRECT,WRONG_ANSWER,TOTAL_DISAGREEMENT,AGENT_B
1476,debit_card_specializing,challenging,CORRECT,CORRECT,PARTIAL_AGREEMENT,AGENT_B
1479,debit_card_specializing,moderate,CORRECT,WRONG_ANSWER,TOTAL_DISAGREEMENT,AGENT_B
1480,debit_card_specializing,moderate,CORRECT,CORRECT,FULL_AGREEMENT,AGENT_B
1481,debit_card_specializing,challenging,WRONG_ANSWER,WRONG_ANSWER,PARTIAL_AGREEMENT,AGENT_B
1482,debit_card_specializing,challenging,WRONG_ANSWER,SCHEMA_MISMATCH,TOTAL_DISAGREEMENT,AGENT_B
1483,debit_card_specializing,simple,CORRECT,CORRECT,FULL_AGREEMENT,AGENT_B
1484,debit_card_specializing,simple,CORRECT,CORRECT,FULL_AGREEMENT,AGENT_B
1486,debit_card_specializing,simple,CORRECT,CORRECT,FULL_AGREEMENT,AGENT_B
1490,debit_card_specializing,moderate,WRONG_ANSWER,WRONG_ANSWER,FULL_AGREEMENT,AGENT_B
1493,debit_card_specializing,simple,CORRECT,CORRECT,FULL_AGREEMENT,AGENT_B
1498,debit_card_specializing,simple,WRONG_ANSWER,WRONG_ANSWER,PARTIAL_AGREEMENT,AGENT_B
1500,debit_card_specializing,simple,WRONG_ANSWER,SCHEMA_MISMATCH,FULL_AGREEMENT,TIE
1501,debit_card_specializing,moderate,CORRECT,SCHEMA_MISMATCH,TOTAL_DISAGREEMENT,AGENT_A
1505,debit_card_specializing,simple,WRONG_ANSWER,WRONG_ANSWER,FULL_AGREEMENT,AGENT_B
1506,debit_card_specializing,moderate,CORRECT,WRONG_ANSWER,PARTIAL_AGREEMENT,AGENT_B
1507,debit_card_specializing,simple,CORRECT,CORRECT,FULL_AGREEMENT,TIE
1509,debit_card_specializing,moderate,CORRECT,CORRECT,FULL_AGREEMENT,TIE
1514,debit_card_specializing,simple,CORRECT,CORRECT,FULL_AGREEMENT,TIE
1515,debit_card_specializing,simple,CORRECT,CORRECT,FULL_AGREEMENT,AGENT_B
1521,debit_card_specializing,moderate,CORRECT,WRONG_ANSWER,TOTAL_DISAGREEMENT,AGENT_A
1524,debit_card_specializing,simple,WRONG_ANSWER,SCHEMA_MISMATCH,TOTAL_DISAGREEMENT,AGENT_B
1525,debit_card_specializing,simple,WRONG_ANSWER,WRONG_ANSWER,TOTAL_DISAGREEMENT,AGENT_A
1526,debit_card_specializing,challenging,WRONG_ANSWER,WRONG_ANSWER,FULL_AGREEMENT,AGENT_B
1528,debit_card_specializing,simple,CORRECT,CORRECT,FULL_AGREEMENT,AGENT_B
1529,debit_card_specializing,moderate,WRONG_ANSWER,WRONG_ANSWER,PARTIAL_AGREEMENT,AGENT_A
1531,debit_card_specializing,moderate,WRONG_ANSWER,WRONG_ANSWER,TOTAL_DISAGREEMENT,AGENT_B
1533,debit_card_specializing,moderate,WRONG_ANSWER,WRONG_ANSWER,TOTAL_DISAGREEMENT,AGENT_B
5,california_schools,simple,CORRECT,SCHEMA_MISMATCH,TOTAL_DISAGREEMENT,AGENT_A
11,california_schools,simple,CORRECT,WRONG_ANSWER,PARTIAL_AGREEMENT,AGENT_B
12,california_schools,moderate,CORRECT,CORRECT,FULL_AGREEMENT,AGENT_B
17,california_schools,simple,WRONG_ANSWER,WRONG_ANSWER,FULL_AGREEMENT,AGENT_B
23,california_schools,moderate,WRONG_ANSWER,CORRECT,PARTIAL_AGREEMENT,AGENT_B
24,california_schools,moderate,WRONG_ANSWER,SCHEMA_MISMATCH,TOTAL_DISAGREEMENT,AGENT_A
25,california_schools,moderate,WRONG_ANSWER,WRONG_ANSWER,PARTIAL_AGREEMENT,AGENT_A
26,california_schools,moderate,WRONG_ANSWER,SCHEMA_MISMATCH,TOTAL_DISAGREEMENT,AGENT_A
27,california_schools,moderate,WRONG_ANSWER,WRONG_ANSWER,FULL_AGREEMENT,AGENT_A
28,california_schools,challenging,CORRECT,SCHEMA_MISMATCH,TOTAL_DISAGREEMENT,AGENT_A
31,california_schools,moderate,CORRECT,CORRECT,FULL_AGREEMENT,AGENT_B
32,california_schools,moderate,WRONG_ANSWER,WRONG_ANSWER,PARTIAL_AGREEMENT,AGENT_B
37,california_schools,moderate,WRONG_ANSWER,SCHEMA_MISMATCH,TOTAL_DISAGREEMENT,AGENT_A
36,california_schools,challenging,CORRECT,CORRECT,FULL_AGREEMENT,AGENT_A
39,california_schools,simple,WRONG_ANSWER,SCHEMA_MISMATCH,TOTAL_DISAGREEMENT,AGENT_A
40,california_schools,moderate,CORRECT,CORRECT,FULL_AGREEMENT,AGENT_B
41,california_schools,simple,WRONG_ANSWER,WRONG_ANSWER,PARTIAL_AGREEMENT,AGENT_B
45,california_schools,moderate,CORRECT,SCHEMA_MISMATCH,TOTAL_DISAGREEMENT,AGENT_A
46,california_schools,simple,CORRECT,CORRECT,FULL_AGREEMENT,AGENT_B
47,california_schools,moderate,CORRECT,CORRECT,PARTIAL_AGREEMENT,AGENT_A
48,california_schools,moderate,CORRECT,CORRECT,FULL_AGREEMENT,AGENT_B
50,california_schools,simple,CORRECT,CORRECT,PARTIAL_AGREEMENT,AGENT_B
62,california_schools,challenging,CORRECT,SCHEMA_MISMATCH,TOTAL_DISAGREEMENT,AGENT_A
72,california_schools,moderate,WRONG_ANSWER,WRONG_ANSWER,TOTAL_DISAGREEMENT,AGENT_A
77,california_schools,moderate,CORRECT,SCHEMA_MISMATCH,TOTAL_DISAGREEMENT,AGENT_A
79,california_schools,moderate,CORRECT,WRONG_ANSWER,PARTIAL_AGREEMENT,AGENT_B
82,california_schools,simple,CORRECT,WRONG_ANSWER,PARTIAL_AGREEMENT,AGENT_A
83,california_schools,challenging,WRONG_ANSWER,WRONG_ANSWER,PARTIAL_AGREEMENT,AGENT_A
85,california_schools,moderate,CORRECT,SCHEMA_MISMATCH,TOTAL_DISAGREEMENT,AGENT_A
87,california_schools,challenging,WRONG_ANSWER,CORRECT,PARTIAL_AGREEMENT,AGENT_B
340,card_games,simple,WRONG_ANSWER,CORRECT,TOTAL_DISAGREEMENT,AGENT_B
341,card_games,simple,WRONG_ANSWER,WRONG_ANSWER,PARTIAL_AGREEMENT,AGENT_B
344,card_games,moderate,WRONG_ANSWER,SCHEMA_MISMATCH,TOTAL_DISAGREEMENT,AGENT_A
345,card_games,moderate,CORRECT,WRONG_ANSWER,PARTIAL_AGREEMENT,AGENT_B
346,card_games,moderate,CORRECT,SCHEMA_MISMATCH,TOTAL_DISAGREEMENT,AGENT_A
347,card_games,moderate,CORRECT,WRONG_ANSWER,PARTIAL_AGREEMENT,AGENT_A
349,card_games,moderate,WRONG_ANSWER,SCHEMA_MISMATCH,TOTAL_DISAGREEMENT,AGENT_A
352,card_games,moderate,WRONG_ANSWER,WRONG_ANSWER,TOTAL_DISAGREEMENT,AGENT_B
356,card_games,simple,CORRECT,SCHEMA_MISMATCH,TOTAL_DISAGREEMENT,AGENT_A
358,card_games,simple,CORRECT,CORRECT,PARTIAL_AGREEMENT,AGENT_A
366,card_games,simple,WRONG_ANSWER,WRONG_ANSWER,TOTAL_DISAGREEMENT,AGENT_A
368,card_games,simple,CORRECT,CORRECT,FULL_AGREEMENT,AGENT_B
371,card_games,challenging,WRONG_ANSWER,WRONG_ANSWER,TOTAL_DISAGREEMENT,AGENT_B
377,card_games,simple,CORRECT,CORRECT,FULL_AGREEMENT,TIE
379,card_games,simple,CORRECT,CORRECT,FULL_AGREEMENT,AGENT_A
383,card_games,simple,WRONG_ANSWER,SCHEMA_MISMATCH,TOTAL_DISAGREEMENT,AGENT_A
391,card_games,moderate,CORRECT,WRONG_ANSWER,PARTIAL_AGREEMENT,AGENT_B
397,card_games,moderate,WRONG_ANSWER,WRONG_ANSWER,FULL_AGREEMENT,TIE
402,card_games,moderate,WRONG_ANSWER,CORRECT,TOTAL_DISAGREEMENT,AGENT_B
405,card_games,moderate,WRONG_ANSWER,SCHEMA_MISMATCH,FULL_AGREEMENT,AGENT_B
407,card_games,moderate,WRONG_ANSWER,WRONG_ANSWER,TOTAL_DISAGREEMENT,AGENT_B
408,card_games,moderate,WRONG_ANSWER,WRONG_ANSWER,TOTAL_DISAGREEMENT,AGENT_A
409,card_games,moderate,CORRECT,SCHEMA_MISMATCH,TOTAL_DISAGREEMENT,AGENT_A
412,card_games,moderate,WRONG_ANSWER,WRONG_ANSWER,TOTAL_DISAGREEMENT,AGENT_B
414,card_games,simple,CORRECT,SCHEMA_MISMATCH,TOTAL_DISAGREEMENT,AGENT_A
415,card_games,challenging,CORRECT,SCHEMA_MISMATCH,TOTAL_DISAGREEMENT,AGENT_B
416,card_games,challenging,WRONG_ANSWER,SCHEMA_MISMATCH,TOTAL_DISAGREEMENT,AGENT_A
422,card_games,simple,CORRECT,WRONG_ANSWER,TOTAL_DISAGREEMENT,AGENT_A
424,card_games,simple,WRONG_ANSWER,CORRECT,TOTAL_DISAGREEMENT,AGENT_B
427,card_games,moderate,CORRECT,CORRECT,FULL_AGREEMENT,AGENT_B
440,card_games,simple,CORRECT,CORRECT,PARTIAL_AGREEMENT,AGENT_A
459,card_games,moderate,CORRECT,WRONG_ANSWER,PARTIAL_AGREEMENT,AGENT_B
462,card_games,moderate,CORRECT,CORRECT,FULL_AGREEMENT,AGENT_B
465,card_games,moderate,CORRECT,WRONG_ANSWER,TOTAL_DISAGREEMENT,AGENT_A
466,card_games,moderate,CORRECT,CORRECT,FULL_AGREEMENT,AGENT_B
468,card_games,moderate,CORRECT,CORRECT,FULL_AGREEMENT,AGENT_A
469,card_games,moderate,WRONG_ANSWER,WRONG_ANSWER,TOTAL_DISAGREEMENT,AGENT_A
472,card_games,moderate,CORRECT,WRONG_ANSWER,TOTAL_DISAGREEMENT,AGENT_B
473,card_games,moderate,CORRECT,WRONG_ANSWER,TOTAL_DISAGREEMENT,AGENT_A
474,card_games,moderate,WRONG_ANSWER,SCHEMA_MISMATCH,FULL_AGREEMENT,AGENT_B
477,card_games,challenging,CORRECT,SCHEMA_MISMATCH,TOTAL_DISAGREEMENT,AGENT_A
479,card_games,moderate,CORRECT,WRONG_ANSWER,TOTAL_DISAGREEMENT,AGENT_A
480,card_games,moderate,CORRECT,SCHEMA_MISMATCH,TOTAL_DISAGREEMENT,AGENT_A
483,card_games,moderate,WRONG_ANSWER,SCHEMA_MISMATCH,TOTAL_DISAGREEMENT,AGENT_A
484,card_games,moderate,WRONG_ANSWER,WRONG_ANSWER,TOTAL_DISAGREEMENT,AGENT_B
486,card_games,moderate,WRONG_ANSWER,CORRECT,TOTAL_DISAGREEMENT,AGENT_B
487,card_games,challenging,CORRECT,SCHEMA_MISMATCH,TOTAL_DISAGREEMENT,AGENT_A
518,card_games,moderate,WRONG_ANSWER,CORRECT,PARTIAL_AGREEMENT,AGENT_A
522,card_games,moderate,CORRECT,SCHEMA_MISMATCH,PARTIAL_AGREEMENT,AGENT_A
528,card_games,challenging,CORRECT,SCHEMA_MISMATCH,TOTAL_DISAGREEMENT,AGENT_A
529,card_games,moderate,WRONG_ANSWER,SCHEMA_MISMATCH,FULL_AGREEMENT,TIE
530,card_games,moderate,WRONG_ANSWER,WRONG_ANSWER,PARTIAL_AGREEMENT,AGENT_B
531,codebase_community,simple,CORRECT,CORRECT,PARTIAL_AGREEMENT,AGENT_B
532,codebase_community,simple,CORRECT,WRONG_ANSWER,PARTIAL_AGREEMENT,AGENT_B
533,codebase_community,simple,WRONG_ANSWER,WRONG_ANSWER,FULL_AGREEMENT,AGENT_B
539,codebase_community,simple,CORRECT,WRONG_ANSWER,TOTAL_DISAGREEMENT,AGENT_A
537,codebase_community,simple,CORRECT,WRONG_ANSWER,TOTAL_DISAGREEMENT,AGENT_A
544,codebase_community,moderate,CORRECT,CORRECT,FULL_AGREEMENT,AGENT_B
547,codebase_community,simple,CORRECT,WRONG_ANSWER,TOTAL_DISAGREEMENT,TIE
549,codebase_community,simple,CORRECT,CORRECT,FULL_AGREEMENT,AGENT_B
555,codebase_community,simple,CORRECT,CORRECT,FULL_AGREEMENT,AGENT_B
557,codebase_community,moderate,CORRECT,CORRECT,FULL_AGREEMENT,AGENT_B
563,codebase_community,moderate,CORRECT,CORRECT,FULL_AGREEMENT,AGENT_B
565,codebase_community,moderate,CORRECT,CORRECT,FULL_AGREEMENT,AGENT_A
567,codebase_community,simple,CORRECT,CORRECT,FULL_AGREEMENT,AGENT_B
568,codebase_community,simple,CORRECT,SCHEMA_MISMATCH,TOTAL_DISAGREEMENT,AGENT_A
571,codebase_community,moderate,CORRECT,WRONG_ANSWER,TOTAL_DISAGREEMENT,AGENT_B
572,codebase_community,moderate,CORRECT,CORRECT,FULL_AGREEMENT,AGENT_B
573,codebase_community,simple,CORRECT,CORRECT,FULL_AGREEMENT,AGENT_B
576,codebase_community,simple,CORRECT,SCHEMA_MISMATCH,TOTAL_DISAGREEMENT,AGENT_A
578,codebase_community,moderate,CORRECT,SCHEMA_MISMATCH,PARTIAL_AGREEMENT,AGENT_A
581,codebase_community,moderate,CORRECT,SCHEMA_MISMATCH,PARTIAL_AGREEMENT,AGENT_A
584,codebase_community,moderate,WRONG_ANSWER,WRONG_ANSWER,TOTAL_DISAGREEMENT,AGENT_B
586,codebase_community,challenging,CORRECT,WRONG_ANSWER,TOTAL_DISAGREEMENT,AGENT_A
587,codebase_community,moderate,WRONG_ANSWER,WRONG_ANSWER,PARTIAL_AGREEMENT,AGENT_A
592,codebase_community,simple,CORRECT,CORRECT,FULL_AGREEMENT,AGENT_B
595,codebase_community,moderate,WRONG_ANSWER,WRONG_ANSWER,TOTAL_DISAGREEMENT,AGENT_B
598,codebase_community,challenging,CORRECT,CORRECT,FULL_AGREEMENT,AGENT_B
604,codebase_community,moderate,CORRECT,WRONG_ANSWER,PARTIAL_AGREEMENT,AGENT_B
629,codebase_community,simple,CORRECT,CORRECT,FULL_AGREEMENT,AGENT_B
633,codebase_community,moderate,WRONG_ANSWER,SCHEMA_MISMATCH,FULL_AGREEMENT,AGENT_B
634,codebase_community,challenging,CORRECT,CORRECT,PARTIAL_AGREEMENT,AGENT_A
637,codebase_community,moderate,WRONG_ANSWER,WRONG_ANSWER,FULL_AGREEMENT,AGENT_B
639,codebase_community,challenging,WRONG_ANSWER,SCHEMA_MISMATCH,FULL_AGREEMENT,AGENT_B
640,codebase_community,moderate,WRONG_ANSWER,SCHEMA_MISMATCH,TOTAL_DISAGREEMENT,AGENT_B
665,codebase_community,moderate,CORRECT,WRONG_ANSWER,TOTAL_DISAGREEMENT,AGENT_B
669,codebase_community,simple,CORRECT,CORRECT,FULL_AGREEMENT,AGENT_B
671,codebase_community,simple,WRONG_ANSWER,WRONG_ANSWER,PARTIAL_AGREEMENT,AGENT_B
672,codebase_community,moderate,WRONG_ANSWER,WRONG_ANSWER,TOTAL_DISAGREEMENT,AGENT_A
678,codebase_community,simple,CORRECT,CORRECT,FULL_AGREEMENT,AGENT_B
682,codebase_community,moderate,WRONG_ANSWER,WRONG_ANSWER,PARTIAL_AGREEMENT,AGENT_A
683,codebase_community,moderate,WRONG_ANSWER,WRONG_ANSWER,FULL_AGREEMENT,AGENT_B
685,codebase_community,moderate,WRONG_ANSWER,SCHEMA_MISMATCH,PARTIAL_AGREEMENT,AGENT_A
687,codebase_community,simple,CORRECT,WRONG_ANSWER,TOTAL_DISAGREEMENT,AGENT_B
694,codebase_community,moderate,WRONG_ANSWER,WRONG_ANSWER,FULL_AGREEMENT,AGENT_B
701,codebase_community,challenging,CORRECT,CORRECT,PARTIAL_AGREEMENT,AGENT_B
704,codebase_community,simple,CORRECT,CORRECT,FULL_AGREEMENT,AGENT_A
705,codebase_community,simple,CORRECT,SCHEMA_MISMATCH,PARTIAL_AGREEMENT,AGENT_A
707,codebase_community,moderate,CORRECT,CORRECT,PARTIAL_AGREEMENT,AGENT_B
710,codebase_community,simple,WRONG_ANSWER,WRONG_ANSWER,FULL_AGREEMENT,TIE
716,codebase_community,moderate,CORRECT,WRONG_ANSWER,TOTAL_DISAGREEMENT,AGENT_B
1025,european_football_2,moderate,CORRECT,CORRECT,PARTIAL_AGREEMENT,AGENT_B
1028,european_football_2,challenging,WRONG_ANSWER,WRONG_ANSWER,FULL_AGREEMENT,AGENT_B
1029,european_football_2,moderate,WRONG_ANSWER,WRONG_ANSWER,FULL_AGREEMENT,AGENT_B
1030,european_football_2,moderate,CORRECT,CORRECT,FULL_AGREEMENT,AGENT_B
1031,european_football_2,challenging,WRONG_ANSWER,CORRECT,PARTIAL_AGREEMENT,AGENT_B
1032,european_football_2,moderate,WRONG_ANSWER,CORRECT,PARTIAL_AGREEMENT,AGENT_B
1035,european_football_2,simple,CORRECT,WRONG_ANSWER,PARTIAL_AGREEMENT,AGENT_A
1036,european_football_2,challenging,WRONG_ANSWER,WRONG_ANSWER,PARTIAL_AGREEMENT,AGENT_A
1037,european_football_2,challenging,WRONG_ANSWER,WRONG_ANSWER,FULL_AGREEMENT,AGENT_B
1039,european_football_2,simple,CORRECT,CORRECT,FULL_AGREEMENT,AGENT_B
1040,european_football_2,moderate,CORRECT,CORRECT,PARTIAL_AGREEMENT,AGENT_B
1042,european_football_2,challenging,CORRECT,CORRECT,FULL_AGREEMENT,AGENT_B
1044,european_football_2,simple,CORRECT,CORRECT,FULL_AGREEMENT,AGENT_B
1048,european_football_2,simple,CORRECT,CORRECT,FULL_AGREEMENT,AGENT_B
1057,european_football_2,moderate,CORRECT,CORRECT,FULL_AGREEMENT,AGENT_B
1058,european_football_2,challenging,CORRECT,CORRECT,FULL_AGREEMENT,AGENT_B
1068,european_football_2,moderate,CORRECT,CORRECT,FULL_AGREEMENT,AGENT_B
1076,european_football_2,challenging,CORRECT,CORRECT,FULL_AGREEMENT,AGENT_B
1078,european_football_2,simple,CORRECT,CORRECT,FULL_AGREEMENT,AGENT_B
1079,european_football_2,simple,CORRECT,CORRECT,PARTIAL_AGREEMENT,AGENT_B
1080,european_football_2,moderate,WRONG_ANSWER,WRONG_ANSWER,TOTAL_DISAGREEMENT,AGENT_A
1084,european_football_2,challenging,CORRECT,CORRECT,FULL_AGREEMENT,AGENT_A
1088,european_football_2,moderate,CORRECT,WRONG_ANSWER,PARTIAL_AGREEMENT,AGENT_B
1091,european_football_2,moderate,CORRECT,CORRECT,FULL_AGREEMENT,TIE
1092,european_football_2,simple,WRONG_ANSWER,WRONG_ANSWER,TOTAL_DISAGREEMENT,AGENT_B
1094,european_football_2,challenging,WRONG_ANSWER,WRONG_ANSWER,FULL_AGREEMENT,AGENT_B
1096,european_football_2,moderate,CORRECT,CORRECT,FULL_AGREEMENT,AGENT_B
1098,european_football_2,moderate,CORRECT,CORRECT,FULL_AGREEMENT,AGENT_B
1102,european_football_2,moderate,CORRECT,CORRECT,FULL_AGREEMENT,AGENT_B
1103,european_football_2,moderate,CORRECT,CORRECT,FULL_AGREEMENT,AGENT_B
1105,european_football_2,moderate,CORRECT,CORRECT,FULL_AGREEMENT,AGENT_A
1107,european_football_2,moderate,WRONG_ANSWER,WRONG_ANSWER,FULL_AGREEMENT,AGENT_B
1110,european_football_2,moderate,CORRECT,CORRECT,FULL_AGREEMENT,AGENT_B
1113,european_football_2,moderate,CORRECT,CORRECT,FULL_AGREEMENT,AGENT_B
1114,european_football_2,challenging,CORRECT,CORRECT,FULL_AGREEMENT,AGENT_B
1115,european_football_2,challenging,CORRECT,CORRECT,FULL_AGREEMENT,AGENT_B
1116,european_football_2,simple,CORRECT,CORRECT,FULL_AGREEMENT,AGENT_B
1122,european_football_2,simple,CORRECT,CORRECT,FULL_AGREEMENT,AGENT_A
1124,european_football_2,moderate,CORRECT,WRONG_ANSWER,PARTIAL_AGREEMENT,AGENT_B
1130,european_football_2,moderate,CORRECT,WRONG_ANSWER,PARTIAL_AGREEMENT,AGENT_B
1133,european_football_2,simple,WRONG_ANSWER,WRONG_ANSWER,FULL_AGREEMENT,TIE
1134,european_football_2,simple,WRONG_ANSWER,SCHEMA_MISMATCH,TOTAL_DISAGREEMENT,AGENT_A
1135,european_football_2,moderate,WRONG_ANSWER,WRONG_ANSWER,PARTIAL_AGREEMENT,AGENT_A
1136,european_football_2,moderate,WRONG_ANSWER,WRONG_ANSWER,FULL_AGREEMENT,AGENT_A
1139,european_football_2,challenging,CORRECT,CORRECT,FULL_AGREEMENT,AGENT_B
1141,european_football_2,moderate,CORRECT,WRONG_ANSWER,PARTIAL_AGREEMENT,AGENT_B
1144,european_football_2,simple,WRONG_ANSWER,SCHEMA_MISMATCH,TOTAL_DISAGREEMENT,AGENT_B
1145,european_football_2,simple,CORRECT,CORRECT,FULL_AGREEMENT,AGENT_B
1146,european_football_2,moderate,CORRECT,CORRECT,FULL_AGREEMENT,AGENT_A
1147,european_football_2,simple,CORRECT,CORRECT,FULL_AGREEMENT,AGENT_B
1148,european_football_2,moderate,WRONG_ANSWER,WRONG_ANSWER,FULL_AGREEMENT,AGENT_B
89,financial,moderate,CORRECT,CORRECT,FULL_AGREEMENT,TIE
92,financial,simple,CORRECT,SCHEMA_MISMATCH,TOTAL_DISAGREEMENT,AGENT_A
93,financial,moderate,CORRECT,CORRECT,FULL_AGREEMENT,AGENT_B
94,financial,,EXECUTION_ERROR,WRONG_ANSWER,TOTAL_DISAGREEMENT,AGENT_B
95,financial,moderate,WRONG_ANSWER,WRONG_ANSWER,FULL_AGREEMENT,AGENT_B
98,financial,moderate,CORRECT,SCHEMA_MISMATCH,TOTAL_DISAGREEMENT,AGENT_B
99,financial,moderate,CORRECT,CORRECT,FULL_AGREEMENT,AGENT_B
100,financial,moderate,CORRECT,CORRECT,FULL_AGREEMENT,AGENT_A
112,financial,simple,CORRECT,CORRECT,FULL_AGREEMENT,AGENT_B
115,financial,challenging,WRONG_ANSWER,WRONG_ANSWER,TOTAL_DISAGREEMENT,AGENT_B
116,financial,challenging,CORRECT,SCHEMA_MISMATCH,TOTAL_DISAGREEMENT,AGENT_A
117,financial,moderate,CORRECT,CORRECT,FULL_AGREEMENT,AGENT_B
118,financial,moderate,WRONG_ANSWER,WRONG_ANSWER,FULL_AGREEMENT,AGENT_B
125,financial,challenging,WRONG_ANSWER,SCHEMA_MISMATCH,PARTIAL_AGREEMENT,AGENT_B
128,financial,moderate,WRONG_ANSWER,CORRECT,PARTIAL_AGREEMENT,AGENT_B
136,financial,moderate,CORRECT,WRONG_ANSWER,TOTAL_DISAGREEMENT,AGENT_A
129,financial,moderate,WRONG_ANSWER,WRONG_ANSWER,FULL_AGREEMENT,AGENT_B
137,financial,moderate,CORRECT,CORRECT,FULL_AGREEMENT,AGENT_B
138,financial,moderate,CORRECT,WRONG_ANSWER,TOTAL_DISAGREEMENT,AGENT_B
145,financial,moderate,WRONG_ANSWER,WRONG_ANSWER,PARTIAL_AGREEMENT,AGENT_B
149,financial,challenging,WRONG_ANSWER,WRONG_ANSWER,TOTAL_DISAGREEMENT,AGENT_A
152,financial,moderate,WRONG_ANSWER,WRONG_ANSWER,TOTAL_DISAGREEMENT,AGENT_A
159,financial,simple,CORRECT,CORRECT,PARTIAL_AGREEMENT,AGENT_B
168,financial,moderate,WRONG_ANSWER,SCHEMA_MISMATCH,TOTAL_DISAGREEMENT,AGENT_A
169,financial,challenging,CORRECT,WRONG_ANSWER,TOTAL_DISAGREEMENT,AGENT_B
173,financial,challenging,WRONG_ANSWER,WRONG_ANSWER,PARTIAL_AGREEMENT,AGENT_B
186,financial,moderate,WRONG_ANSWER,WRONG_ANSWER,FULL_AGREEMENT,AGENT_B
189,financial,moderate,WRONG_ANSWER,WRONG_ANSWER,TOTAL_DISAGREEMENT,AGENT_B
192,financial,moderate,CORRECT,CORRECT,PARTIAL_AGREEMENT,AGENT_B
194,financial,moderate,CORRECT,CORRECT,FULL_AGREEMENT,AGENT_B
119,financial,moderate,CORRECT,CORRECT,FULL_AGREEMENT,AGENT_B
120,financial,moderate,CORRECT,WRONG_ANSWER,PARTIAL_AGREEMENT,AGENT_B
846,formula_1,moderate,CORRECT,CORRECT,FULL_AGREEMENT,AGENT_B
847,formula_1,simple,WRONG_ANSWER,WRONG_ANSWER,FULL_AGREEMENT,AGENT_A
850,formula_1,simple,CORRECT,CORRECT,FULL_AGREEMENT,AGENT_B
854,formula_1,simple,CORRECT,CORRECT,FULL_AGREEMENT,AGENT_B
857,formula_1,simple,CORRECT,WRONG_ANSWER,PARTIAL_AGREEMENT,AGENT_B
859,formula_1,simple,CORRECT,CORRECT,FULL_AGREEMENT,AGENT_B
861,formula_1,simple,CORRECT,CORRECT,FULL_AGREEMENT,AGENT_B
862,formula_1,simple,CORRECT,CORRECT,FULL_AGREEMENT,AGENT_B
865,formula_1,moderate,CORRECT,CORRECT,PARTIAL_AGREEMENT,AGENT_A
866,formula_1,moderate,CORRECT,CORRECT,FULL_AGREEMENT,AGENT_B
868,formula_1,simple,CORRECT,WRONG_ANSWER,PARTIAL_AGREEMENT,AGENT_B
869,formula_1,moderate,CORRECT,WRONG_ANSWER,TOTAL_DISAGREEMENT,AGENT_A
872,formula_1,simple,CORRECT,WRONG_ANSWER,TOTAL_DISAGREEMENT,AGENT_A
875,formula_1,simple,CORRECT,CORRECT,FULL_AGREEMENT,AGENT_B
877,formula_1,moderate,CORRECT,CORRECT,FULL_AGREEMENT,AGENT_B
879,formula_1,moderate,WRONG_ANSWER,CORRECT,TOTAL_DISAGREEMENT,AGENT_B
880,formula_1,challenging,CORRECT,CORRECT,FULL_AGREEMENT,AGENT_B
881,formula_1,moderate,CORRECT,WRONG_ANSWER,PARTIAL_AGREEMENT,AGENT_B
884,formula_1,moderate,CORRECT,CORRECT,FULL_AGREEMENT,AGENT_B
892,formula_1,moderate,CORRECT,CORRECT,FULL_AGREEMENT,AGENT_B
894,formula_1,moderate,CORRECT,CORRECT,FULL_AGREEMENT,AGENT_B
895,formula_1,moderate,CORRECT,CORRECT,PARTIAL_AGREEMENT,AGENT_B
896,formula_1,challenging,WRONG_ANSWER,WRONG_ANSWER,TOTAL_DISAGREEMENT,AGENT_B
897,formula_1,moderate,CORRECT,CORRECT,PARTIAL_AGREEMENT,AGENT_A
898,formula_1,simple,CORRECT,CORRECT,FULL_AGREEMENT,AGENT_B
901,formula_1,simple,CORRECT,CORRECT,FULL_AGREEMENT,AGENT_A
902,formula_1,simple,WRONG_ANSWER,WRONG_ANSWER,PARTIAL_AGREEMENT,AGENT_B
904,formula_1,moderate,CORRECT,CORRECT,FULL_AGREEMENT,AGENT_B
906,formula_1,moderate,WRONG_ANSWER,CORRECT,TOTAL_DISAGREEMENT,AGENT_B
909,formula_1,moderate,CORRECT,CORRECT,FULL_AGREEMENT,AGENT_B
910,formula_1,simple,CORRECT,CORRECT,FULL_AGREEMENT,AGENT_A
912,formula_1,simple,CORRECT,CORRECT,FULL_AGREEMENT,AGENT_B
915,formula_1,simple,CORRECT,CORRECT,FULL_AGREEMENT,AGENT_B
928,formula_1,moderate,WRONG_ANSWER,WRONG_ANSWER,FULL_AGREEMENT,AGENT_B
930,formula_1,simple,WRONG_ANSWER,WRONG_ANSWER,TOTAL_DISAGREEMENT,AGENT_B
931,formula_1,moderate,CORRECT,CORRECT,FULL_AGREEMENT,AGENT_B
933,formula_1,moderate,CORRECT,CORRECT,FULL_AGREEMENT,AGENT_B
937,formula_1,simple,WRONG_ANSWER,WRONG_ANSWER,FULL_AGREEMENT,AGENT_B
940,formula_1,moderate,CORRECT,CORRECT,FULL_AGREEMENT,AGENT_A
944,formula_1,challenging,WRONG_ANSWER,SCHEMA_MISMATCH,FULL_AGREEMENT,AGENT_A
945,formula_1,simple,CORRECT,SCHEMA_MISMATCH,TOTAL_DISAGREEMENT,AGENT_A
948,formula_1,simple,CORRECT,WRONG_ANSWER,FULL_AGREEMENT,AGENT_B
950,formula_1,simple,WRONG_ANSWER,WRONG_ANSWER,FULL_AGREEMENT,AGENT_B
951,formula_1,simple,WRONG_ANSWER,WRONG_ANSWER,FULL_AGREEMENT,TIE
954,formula_1,challenging,CORRECT,CORRECT,FULL_AGREEMENT,AGENT_B
955,formula_1,challenging,CORRECT,CORRECT,FULL_AGREEMENT,AGENT_A
959,formula_1,simple,WRONG_ANSWER,WRONG_ANSWER,TOTAL_DISAGREEMENT,AGENT_B
960,formula_1,moderate,CORRECT,CORRECT,FULL_AGREEMENT,AGENT_B
962,formula_1,challenging,WRONG_ANSWER,WRONG_ANSWER,FULL_AGREEMENT,AGENT_B
963,formula_1,moderate,WRONG_ANSWER,WRONG_ANSWER,FULL_AGREEMENT,TIE
964,formula_1,simple,WRONG_ANSWER,WRONG_ANSWER,FULL_AGREEMENT,AGENT_B
967,formula_1,simple,CORRECT,CORRECT,FULL_AGREEMENT,AGENT_B
971,formula_1,simple,CORRECT,CORRECT,FULL_AGREEMENT,AGENT_B
972,formula_1,moderate,CORRECT,CORRECT,FULL_AGREEMENT,AGENT_B
977,formula_1,simple,CORRECT,CORRECT,FULL_AGREEMENT,AGENT_B
978,formula_1,simple,CORRECT,WRONG_ANSWER,PARTIAL_AGREEMENT,AGENT_B
981,formula_1,moderate,CORRECT,CORRECT,FULL_AGREEMENT,AGENT_B
988,formula_1,challenging,CORRECT,CORRECT,PARTIAL_AGREEMENT,AGENT_B
989,formula_1,moderate,CORRECT,CORRECT,FULL_AGREEMENT,AGENT_A
990,formula_1,challenging,CORRECT,CORRECT,FULL_AGREEMENT,AGENT_B
994,formula_1,challenging,CORRECT,CORRECT,FULL_AGREEMENT,AGENT_A
1001,formula_1,challenging,CORRECT,CORRECT,FULL_AGREEMENT,AGENT_A
1002,formula_1,moderate,CORRECT,CORRECT,FULL_AGREEMENT,AGENT_B
1003,formula_1,moderate,CORRECT,CORRECT,FULL_AGREEMENT,AGENT_B
1011,formula_1,challenging,WRONG_ANSWER,WRONG_ANSWER,FULL_AGREEMENT,AGENT_B
1014,formula_1,challenging,WRONG_ANSWER,WRONG_ANSWER,FULL_AGREEMENT,AGENT_B
1312,student_club,simple,CORRECT,CORRECT,FULL_AGREEMENT,AGENT_B
1317,student_club,moderate,CORRECT,CORRECT,FULL_AGREEMENT,AGENT_B
1322,student_club,moderate,CORRECT,CORRECT,FULL_AGREEMENT,AGENT_B
1323,student_club,moderate,CORRECT,CORRECT,FULL_AGREEMENT,AGENT_B
1331,student_club,simple,CORRECT,WRONG_ANSWER,TOTAL_DISAGREEMENT,AGENT_B
1334,student_club,simple,CORRECT,CORRECT,FULL_AGREEMENT,AGENT_A
1338,student_club,moderate,CORRECT,WRONG_ANSWER,TOTAL_DISAGREEMENT,AGENT_A
1339,student_club,challenging,CORRECT,CORRECT,FULL_AGREEMENT,AGENT_B
1340,student_club,moderate,WRONG_ANSWER,CORRECT,TOTAL_DISAGREEMENT,AGENT_B
1344,student_club,simple,CORRECT,CORRECT,PARTIAL_AGREEMENT,AGENT_A
1346,student_club,simple,CORRECT,CORRECT,PARTIAL_AGREEMENT,AGENT_A
1350,student_club,moderate,CORRECT,WRONG_ANSWER,PARTIAL_AGREEMENT,AGENT_B
1351,student_club,simple,CORRECT,CORRECT,FULL_AGREEMENT,AGENT_B
1352,student_club,moderate,CORRECT,CORRECT,FULL_AGREEMENT,AGENT_B
1356,student_club,simple,CORRECT,WRONG_ANSWER,FULL_AGREEMENT,AGENT_A
1357,student_club,simple,CORRECT,CORRECT,FULL_AGREEMENT,AGENT_A
1359,student_club,challenging,WRONG_ANSWER,WRONG_ANSWER,TOTAL_DISAGREEMENT,AGENT_B
1361,student_club,simple,CORRECT,CORRECT,FULL_AGREEMENT,AGENT_B
1362,student_club,simple,CORRECT,CORRECT,FULL_AGREEMENT,AGENT_B
1368,student_club,simple,CORRECT,CORRECT,FULL_AGREEMENT,AGENT_A
1371,student_club,simple,CORRECT,CORRECT,FULL_AGREEMENT,AGENT_B
1375,student_club,moderate,CORRECT,CORRECT,FULL_AGREEMENT,AGENT_A
1376,student_club,moderate,WRONG_ANSWER,WRONG_ANSWER,TOTAL_DISAGREEMENT,AGENT_B
1378,student_club,simple,CORRECT,WRONG_ANSWER,TOTAL_DISAGREEMENT,AGENT_B
1380,student_club,simple,CORRECT,CORRECT,FULL_AGREEMENT,AGENT_B
1381,student_club,moderate,CORRECT,CORRECT,FULL_AGREEMENT,AGENT_B
1387,student_club,moderate,WRONG_ANSWER,SCHEMA_MISMATCH,PARTIAL_AGREEMENT,AGENT_A
1389,student_club,simple,WRONG_ANSWER,WRONG_ANSWER,PARTIAL_AGREEMENT,AGENT_B
1390,student_club,moderate,CORRECT,SCHEMA_MISMATCH,TOTAL_DISAGREEMENT,AGENT_A
1392,student_club,simple,CORRECT,CORRECT,FULL_AGREEMENT,AGENT_B
1394,student_club,simple,CORRECT,CORRECT,FULL_AGREEMENT,AGENT_A
1398,student_club,moderate,CORRECT,CORRECT,FULL_AGREEMENT,AGENT_B
1399,student_club,moderate,CORRECT,CORRECT,FULL_AGREEMENT,AGENT_B
1401,student_club,moderate,CORRECT,CORRECT,FULL_AGREEMENT,AGENT_B
1403,student_club,moderate,CORRECT,CORRECT,FULL_AGREEMENT,AGENT_B
1404,student_club,moderate,WRONG_ANSWER,WRONG_ANSWER,FULL_AGREEMENT,AGENT_B
1405,student_club,moderate,CORRECT,CORRECT,FULL_AGREEMENT,AGENT_B
1409,student_club,simple,CORRECT,CORRECT,FULL_AGREEMENT,AGENT_B
1410,student_club,simple,CORRECT,CORRECT,FULL_AGREEMENT,AGENT_A
1411,student_club,simple,WRONG_ANSWER,WRONG_ANSWER,FULL_AGREEMENT,AGENT_A
1422,student_club,simple,WRONG_ANSWER,SCHEMA_MISMATCH,FULL_AGREEMENT,AGENT_A
1426,student_club,moderate,CORRECT,CORRECT,FULL_AGREEMENT,AGENT_A
1427,student_club,moderate,CORRECT,SCHEMA_MISMATCH,TOTAL_DISAGREEMENT,AGENT_A
1432,student_club,moderate,WRONG_ANSWER,WRONG_ANSWER,TOTAL_DISAGREEMENT,AGENT_B
1435,student_club,moderate,CORRECT,WRONG_ANSWER,PARTIAL_AGREEMENT,AGENT_B
1457,student_club,challenging,WRONG_ANSWER,CORRECT,TOTAL_DISAGREEMENT,AGENT_B
1460,student_club,challenging,CORRECT,CORRECT,FULL_AGREEMENT,AGENT_A
1464,student_club,challenging,CORRECT,CORRECT,FULL_AGREEMENT,AGENT_A
717,superhero,simple,CORRECT,CORRECT,FULL_AGREEMENT,AGENT_B
719,superhero,moderate,CORRECT,SCHEMA_MISMATCH,TOTAL_DISAGREEMENT,AGENT_A
723,superhero,moderate,CORRECT,WRONG_ANSWER,TOTAL_DISAGREEMENT,AGENT_A
724,superhero,challenging,CORRECT,CORRECT,FULL_AGREEMENT,AGENT_A
726,superhero,moderate,WRONG_ANSWER,WRONG_ANSWER,PARTIAL_AGREEMENT,AGENT_A
728,superhero,moderate,CORRECT,CORRECT,FULL_AGREEMENT,AGENT_B
730,superhero,challenging,WRONG_ANSWER,CORRECT,PARTIAL_AGREEMENT,AGENT_B
732,superhero,moderate,CORRECT,CORRECT,FULL_AGREEMENT,AGENT_B
733,superhero,moderate,CORRECT,WRONG_ANSWER,TOTAL_DISAGREEMENT,AGENT_A
736,superhero,moderate,WRONG_ANSWER,WRONG_ANSWER,FULL_AGREEMENT,AGENT_B
737,superhero,simple,CORRECT,WRONG_ANSWER,PARTIAL_AGREEMENT,AGENT_A
738,superhero,simple,WRONG_ANSWER,CORRECT,PARTIAL_AGREEMENT,AGENT_B
739,superhero,moderate,CORRECT,CORRECT,FULL_AGREEMENT,AGENT_B
740,superhero,moderate,CORRECT,CORRECT,FULL_AGREEMENT,TIE
743,superhero,challenging,CORRECT,CORRECT,FULL_AGREEMENT,AGENT_B
744,superhero,challenging,CORRECT,CORRECT,FULL_AGREEMENT,AGENT_B
745,superhero,simple,CORRECT,CORRECT,FULL_AGREEMENT,AGENT_A
747,superhero,simple,CORRECT,CORRECT,FULL_AGREEMENT,AGENT_B
750,superhero,simple,WRONG_ANSWER,CORRECT,TOTAL_DISAGREEMENT,AGENT_B
751,superhero,moderate,CORRECT,CORRECT,PARTIAL_AGREEMENT,AGENT_B
753,superhero,moderate,CORRECT,CORRECT,FULL_AGREEMENT,AGENT_B
758,superhero,moderate,CORRECT,CORRECT,FULL_AGREEMENT,AGENT_B
760,superhero,challenging,CORRECT,SCHEMA_MISMATCH,TOTAL_DISAGREEMENT,AGENT_A
761,superhero,moderate,CORRECT,CORRECT,FULL_AGREEMENT,AGENT_A
764,superhero,simple,CORRECT,CORRECT,FULL_AGREEMENT,AGENT_B
765,superhero,simple,CORRECT,CORRECT,FULL_AGREEMENT,AGENT_B
766,superhero,moderate,WRONG_ANSWER,WRONG_ANSWER,PARTIAL_AGREEMENT,AGENT_B
769,superhero,challenging,CORRECT,CORRECT,FULL_AGREEMENT,AGENT_B
772,superhero,challenging,CORRECT,CORRECT,FULL_AGREEMENT,AGENT_A
773,superhero,challenging,CORRECT,CORRECT,FULL_AGREEMENT,AGENT_A
775,superhero,challenging,CORRECT,CORRECT,FULL_AGREEMENT,AGENT_B
779,superhero,simple,CORRECT,WRONG_ANSWER,TOTAL_DISAGREEMENT,AGENT_A
781,superhero,simple,CORRECT,CORRECT,FULL_AGREEMENT,AGENT_B
782,superhero,moderate,CORRECT,CORRECT,FULL_AGREEMENT,AGENT_B
785,superhero,simple,CORRECT,CORRECT,FULL_AGREEMENT,AGENT_B
786,superhero,moderate,CORRECT,CORRECT,FULL_AGREEMENT,AGENT_B
788,superhero,challenging,CORRECT,SCHEMA_MISMATCH,TOTAL_DISAGREEMENT,AGENT_B
790,superhero,moderate,CORRECT,CORRECT,FULL_AGREEMENT,AGENT_B
791,superhero,simple,WRONG_ANSWER,CORRECT,TOTAL_DISAGREEMENT,AGENT_B
792,superhero,simple,CORRECT,CORRECT,FULL_AGREEMENT,AGENT_B
794,superhero,moderate,WRONG_ANSWER,WRONG_ANSWER,PARTIAL_AGREEMENT,AGENT_B
796,superhero,moderate,CORRECT,WRONG_ANSWER,TOTAL_DISAGREEMENT,AGENT_A
797,superhero,moderate,WRONG_ANSWER,CORRECT,PARTIAL_AGREEMENT,AGENT_A
798,superhero,moderate,WRONG_ANSWER,SCHEMA_MISMATCH,PARTIAL_AGREEMENT,AGENT_A
800,superhero,moderate,CORRECT,CORRECT,PARTIAL_AGREEMENT,AGENT_B
801,superhero,moderate,WRONG_ANSWER,CORRECT,TOTAL_DISAGREEMENT,AGENT_B
806,superhero,simple,CORRECT,CORRECT,FULL_AGREEMENT,AGENT_A
819,superhero,challenging,CORRECT,CORRECT,FULL_AGREEMENT,AGENT_B
822,superhero,moderate,CORRECT,CORRECT,FULL_AGREEMENT,AGENT_A
824,superhero,moderate,CORRECT,CORRECT,FULL_AGREEMENT,AGENT_A
825,superhero,moderate,CORRECT,CORRECT,FULL_AGREEMENT,AGENT_B
829,superhero,challenging,CORRECT,CORRECT,FULL_AGREEMENT,AGENT_B
1149,thrombosis_prediction,moderate,WRONG_ANSWER,WRONG_ANSWER,PARTIAL_AGREEMENT,AGENT_B
1150,thrombosis_prediction,moderate,CORRECT,CORRECT,FULL_AGREEMENT,AGENT_B
1152,thrombosis_prediction,moderate,WRONG_ANSWER,CORRECT,TOTAL_DISAGREEMENT,AGENT_B
1153,thrombosis_prediction,simple,CORRECT,WRONG_ANSWER,PARTIAL_AGREEMENT,AGENT_A
1155,thrombosis_prediction,simple,CORRECT,CORRECT,PARTIAL_AGREEMENT,AGENT_B
1156,thrombosis_prediction,moderate,CORRECT,CORRECT,FULL_AGREEMENT,AGENT_B
1157,thrombosis_prediction,simple,CORRECT,WRONG_ANSWER,PARTIAL_AGREEMENT,AGENT_A
1162,thrombosis_prediction,moderate,CORRECT,WRONG_ANSWER,TOTAL_DISAGREEMENT,AGENT_A
1164,thrombosis_prediction,moderate,CORRECT,SCHEMA_MISMATCH,TOTAL_DISAGREEMENT,AGENT_A
1166,thrombosis_prediction,simple,WRONG_ANSWER,WRONG_ANSWER,FULL_AGREEMENT,AGENT_B
1168,thrombosis_prediction,challenging,WRONG_ANSWER,WRONG_ANSWER,PARTIAL_AGREEMENT,AGENT_B
1169,thrombosis_prediction,challenging,WRONG_ANSWER,SCHEMA_MISMATCH,FULL_AGREEMENT,AGENT_B
1171,thrombosis_prediction,challenging,CORRECT,SCHEMA_MISMATCH,TOTAL_DISAGREEMENT,AGENT_B
1175,thrombosis_prediction,moderate,WRONG_ANSWER,CORRECT,TOTAL_DISAGREEMENT,AGENT_B
1179,thrombosis_prediction,moderate,CORRECT,CORRECT,FULL_AGREEMENT,AGENT_B
1185,thrombosis_prediction,challenging,CORRECT,CORRECT,FULL_AGREEMENT,AGENT_B
1187,thrombosis_prediction,moderate,CORRECT,CORRECT,FULL_AGREEMENT,AGENT_A
1189,thrombosis_prediction,challenging,WRONG_ANSWER,WRONG_ANSWER,TOTAL_DISAGREEMENT,AGENT_A
1192,thrombosis_prediction,challenging,CORRECT,CORRECT,FULL_AGREEMENT,AGENT_B
1195,thrombosis_prediction,moderate,CORRECT,WRONG_ANSWER,TOTAL_DISAGREEMENT,AGENT_A
1198,thrombosis_prediction,simple,CORRECT,WRONG_ANSWER,TOTAL_DISAGREEMENT,TIE
1201,thrombosis_prediction,moderate,CORRECT,CORRECT,FULL_AGREEMENT,AGENT_B
1205,thrombosis_prediction,moderate,WRONG_ANSWER,CORRECT,FULL_AGREEMENT,AGENT_A
1208,thrombosis_prediction,moderate,CORRECT,CORRECT,FULL_AGREEMENT,AGENT_A
1209,thrombosis_prediction,moderate,WRONG_ANSWER,WRONG_ANSWER,PARTIAL_AGREEMENT,AGENT_B
1220,thrombosis_prediction,simple,CORRECT,CORRECT,FULL_AGREEMENT,AGENT_A
1225,thrombosis_prediction,moderate,CORRECT,CORRECT,FULL_AGREEMENT,AGENT_B
1227,thrombosis_prediction,moderate,WRONG_ANSWER,SCHEMA_MISMATCH,TOTAL_DISAGREEMENT,AGENT_A
1229,thrombosis_prediction,moderate,CORRECT,CORRECT,FULL_AGREEMENT,AGENT_A
1231,thrombosis_prediction,challenging,CORRECT,CORRECT,FULL_AGREEMENT,AGENT_B
1232,thrombosis_prediction,challenging,CORRECT,CORRECT,FULL_AGREEMENT,TIE
1235,thrombosis_prediction,moderate,CORRECT,CORRECT,FULL_AGREEMENT,AGENT_A
1238,thrombosis_prediction,moderate,CORRECT,CORRECT,FULL_AGREEMENT,AGENT_A
1239,thrombosis_prediction,challenging,WRONG_ANSWER,CORRECT,PARTIAL_AGREEMENT,AGENT_A
1241,thrombosis_prediction,challenging,WRONG_ANSWER,WRONG_ANSWER,FULL_AGREEMENT,TIE
1242,thrombosis_prediction,challenging,WRONG_ANSWER,WRONG_ANSWER,FULL_AGREEMENT,AGENT_B
1243,thrombosis_prediction,challenging,WRONG_ANSWER,SCHEMA_MISMATCH,TOTAL_DISAGREEMENT,AGENT_A
1247,thrombosis_prediction,challenging,WRONG_ANSWER,SCHEMA_MISMATCH,TOTAL_DISAGREEMENT,AGENT_A
1251,thrombosis_prediction,simple,WRONG_ANSWER,WRONG_ANSWER,FULL_AGREEMENT,AGENT_A
1252,thrombosis_prediction,moderate,WRONG_ANSWER,WRONG_ANSWER,TOTAL_DISAGREEMENT,AGENT_A
1254,thrombosis_prediction,moderate,WRONG_ANSWER,WRONG_ANSWER,TOTAL_DISAGREEMENT,AGENT_A
1255,thrombosis_prediction,moderate,WRONG_ANSWER,WRONG_ANSWER,FULL_AGREEMENT,AGENT_B
1256,thrombosis_prediction,moderate,WRONG_ANSWER,WRONG_ANSWER,TOTAL_DISAGREEMENT,AGENT_A
1257,thrombosis_prediction,challenging,CORRECT,CORRECT,FULL_AGREEMENT,TIE
1265,thrombosis_prediction,moderate,WRONG_ANSWER,WRONG_ANSWER,FULL_AGREEMENT,TIE
1267,thrombosis_prediction,moderate,WRONG_ANSWER,SCHEMA_MISMATCH,TOTAL_DISAGREEMENT,AGENT_A
1270,thrombosis_prediction,challenging,WRONG_ANSWER,SCHEMA_MISMATCH,TOTAL_DISAGREEMENT,AGENT_A
1275,thrombosis_prediction,moderate,WRONG_ANSWER,WRONG_ANSWER,TOTAL_DISAGREEMENT,AGENT_A
1281,thrombosis_prediction,moderate,CORRECT,CORRECT,FULL_AGREEMENT,AGENT_B
1302,thrombosis_prediction,challenging,WRONG_ANSWER,SCHEMA_MISMATCH,TOTAL_DISAGREEMENT,AGENT_A
195,toxicology,simple,CORRECT,CORRECT,PARTIAL_AGREEMENT,AGENT_B
197,toxicology,moderate,CORRECT,WRONG_ANSWER,PARTIAL_AGREEMENT,TIE
198,toxicology,challenging,WRONG_ANSWER,WRONG_ANSWER,TOTAL_DISAGREEMENT,AGENT_B
200,toxicology,simple,CORRECT,CORRECT,FULL_AGREEMENT,AGENT_B
201,toxicology,moderate,WRONG_ANSWER,WRONG_ANSWER,TOTAL_DISAGREEMENT,AGENT_B
206,toxicology,challenging,CORRECT,WRONG_ANSWER,PARTIAL_AGREEMENT,AGENT_B
207,toxicology,challenging,WRONG_ANSWER,WRONG_ANSWER,FULL_AGREEMENT,AGENT_B
208,toxicology,moderate,CORRECT,SCHEMA_MISMATCH,TOTAL_DISAGREEMENT,AGENT_B
212,toxicology,challenging,WRONG_ANSWER,CORRECT,PARTIAL_AGREEMENT,AGENT_B
213,toxicology,moderate,CORRECT,WRONG_ANSWER,PARTIAL_AGREEMENT,AGENT_B
215,toxicology,challenging,WRONG_ANSWER,CORRECT,PARTIAL_AGREEMENT,AGENT_B
218,toxicology,challenging,CORRECT,CORRECT,FULL_AGREEMENT,AGENT_B
219,toxicology,challenging,WRONG_ANSWER,WRONG_ANSWER,FULL_AGREEMENT,AGENT_B
220,toxicology,challenging,CORRECT,WRONG_ANSWER,TOTAL_DISAGREEMENT,AGENT_A
226,toxicology,moderate,CORRECT,CORRECT,FULL_AGREEMENT,AGENT_B
227,toxicology,simple,CORRECT,CORRECT,FULL_AGREEMENT,TIE
228,toxicology,moderate,CORRECT,WRONG_ANSWER,TOTAL_DISAGREEMENT,AGENT_B
230,toxicology,challenging,CORRECT,WRONG_ANSWER,TOTAL_DISAGREEMENT,AGENT_B
231,toxicology,challenging,CORRECT,CORRECT,PARTIAL_AGREEMENT,AGENT_B
232,toxicology,moderate,CORRECT,CORRECT,FULL_AGREEMENT,AGENT_B
234,toxicology,moderate,WRONG_ANSWER,WRONG_ANSWER,FULL_AGREEMENT,AGENT_B
236,toxicology,moderate,CORRECT,WRONG_ANSWER,PARTIAL_AGREEMENT,AGENT_B
239,toxicology,simple,CORRECT,WRONG_ANSWER,PARTIAL_AGREEMENT,AGENT_B
240,toxicology,challenging,CORRECT,WRONG_ANSWER,TOTAL_DISAGREEMENT,AGENT_B
242,toxicology,moderate,CORRECT,CORRECT,FULL_AGREEMENT,AGENT_B
243,toxicology,moderate,CORRECT,CORRECT,FULL_AGREEMENT,AGENT_B
244,toxicology,moderate,CORRECT,CORRECT,FULL_AGREEMENT,TIE
245,toxicology,moderate,WRONG_ANSWER,SCHEMA_MISMATCH,FULL_AGREEMENT,AGENT_B
247,toxicology,challenging,WRONG_ANSWER,WRONG_ANSWER,PARTIAL_AGREEMENT,AGENT_A
248,toxicology,simple,CORRECT,WRONG_ANSWER,PARTIAL_AGREEMENT,AGENT_B
249,toxicology,challenging,CORRECT,CORRECT,FULL_AGREEMENT,AGENT_B
253,toxicology,challenging,CORRECT,CORRECT,PARTIAL_AGREEMENT,AGENT_B
255,toxicology,moderate,CORRECT,CORRECT,FULL_AGREEMENT,AGENT_B
260,toxicology,moderate,WRONG_ANSWER,WRONG_ANSWER,TOTAL_DISAGREEMENT,AGENT_B
263,toxicology,challenging,WRONG_ANSWER,WRONG_ANSWER,TOTAL_DISAGREEMENT,AGENT_B
268,toxicology,challenging,CORRECT,WRONG_ANSWER,PARTIAL_AGREEMENT,AGENT_B
273,toxicology,moderate,CORRECT,WRONG_ANSWER,TOTAL_DISAGREEMENT,AGENT_B
281,toxicology,challenging,WRONG_ANSWER,WRONG_ANSWER,FULL_AGREEMENT,AGENT_B
282,toxicology,challenging,CORRECT,CORRECT,FULL_AGREEMENT,AGENT_B
327,toxicology,moderate,CORRECT,CORRECT,FULL_AGREEMENT,AGENT_B
